epoch,fold,timestamp,seconds,lr,cap_loss,clip_loss,val_loss,b1,b4,meteor,cider,is_best
56,16,2026-09-07 15:12:52,233.2,0.0001,3.7121,0.0000,,,,,,0
57,17,2026-09-07 15:18:35,218.5,0.0001,3.7023,0.0000,,,,,,0
58,18,2026-09-07 15:22:02,206.6,0.0001,3.6906,0.0000,,,,,,0
59,19,2026-09-07 15:25:31,207.1,0.0001,3.6920,0.0000,,,,,,0
60,20,2026-09-07 15:32:16,314.5,0.0001,3.6837,0.0000,3.6831,0.5787,0.1898,,0.5886,0
61,1,2026-09-07 15:35:44,205.0,0.0001,3.6979,0.0000,,,,,,0
62,2,2026-09-07 15:39:11,204.7,0.0001,3.6976,0.0000,,,,,,0
63,3,2026-09-07 15:42:40,206.2,0.0001,3.6720,0.0000,,,,,,0
64,4,2026-09-07 15:46:05,203.9,0.0001,3.6895,0.0000,,,,,,0
65,5,2026-09-07 15:49:32,205.5,0.0001,3.6866,0.0000,,,,,,0
66,6,2026-09-07 15:54:25,204.4,0.0001,3.6931,0.0000,,0.5976,0.1986,,0.6199,0
67,7,2026-09-07 15:57:48,202.3,0.0001,3.6876,0.0000,,,,,,0
68,8,2026-09-07 16:01:12,202.8,0.0001,3.7160,0.0000,,,,,,0
69,9,2026-09-07 16:04:36,203.5,0.0001,3.7353,0.0000,,,,,,0
70,10,2026-09-07 16:08:03,205.1,0.0001,3.8016,0.0000,,,,,,0
71,11,2026-09-07 16:11:29,204.8,0.0001,3.8284,0.0000,,,,,,0
72,12,2026-09-07 16:16:26,205.4,0.0001,3.9004,0.0000,,0.5907,0.2170,,0.5981,1
73,13,2026-09-07 16:19:49,201.9,0.0001,4.0737,0.0000,,,,,,0
74,14,2026-09-07 16:23:12,202.0,0.0001,5.3358,0.0000,,,,,,0
75,15,2026-09-07 16:28:24,310.8,0.0001,5.1126,0.0000,4.8885,,,,,0
76,16,2026-09-07 16:31:52,205.5,0.0001,5.2575,0.0000,,,,,,0
77,17,2026-09-07 16:35:19,205.9,0.0001,5.3971,0.0000,,,,,,0
78,18,2026-09-07 16:42:22,206.5,0.0001,5.5763,0.0000,,0.0434,0.0008,,0.0001,0
79,19,2026-09-07 16:45:47,203.9,0.0001,5.7770,0.0000,,,,,,0
80,20,2026-09-07 16:49:13,205.5,0.0001,5.7153,0.0000,,,,,,0
81,1,2026-09-07 16:52:38,204.0,0.0001,5.6843,0.0000,,,,,,0
82,2,2026-09-07 16:56:03,203.9,0.0001,5.6661,0.0000,,,,,,0
83,3,2026-09-07 16:59:30,205.5,0.0001,5.6861,0.0000,,,,,,0
84,4,2026-09-07 17:06:08,206.2,0.0001,5.6836,0.0000,,0.0138,0.0003,,0.0017,0
85,5,2026-09-07 17:09:34,204.5,0.0001,5.7453,0.0000,,,,,,0
86,6,2026-09-07 17:12:59,203.9,0.0001,5.6993,0.0000,,,,,,0
87,7,2026-09-07 17:16:23,203.1,0.0001,5.7073,0.0000,,,,,,0
88,8,2026-09-07 17:19:48,204.0,0.0001,5.7001,0.0000,,,,,,0
89,9,2026-09-07 17:23:18,207.9,0.0001,5.7831,0.0000,,,,,,0
90,10,2026-09-07 17:30:32,314.6,0.0001,5.7339,0.0000,5.6838,,,,0.0000,0
91,11,2026-09-07 17:34:20,227.3,0.0001,5.6788,0.0000,,,,,,0
92,12,2026-09-07 17:37:43,202.6,0.0001,5.6659,0.0000,,,,,,0
93,13,2026-09-07 17:41:06,201.1,0.0001,5.6795,0.0000,,,,,,0
94,14,2026-09-07 17:44:30,203.2,0.0001,5.6929,0.0000,,,,,,0
95,15,2026-09-07 17:47:53,201.2,0.0001,5.7526,0.0000,,,,,,0
96,16,2026-09-07 17:56:14,200.7,0.0001,5.7118,0.0000,,0.0374,0.0002,,0.0013,0
97,17,2026-09-07 17:59:37,202.4,0.0001,5.7056,0.0000,,,,,,0
98,18,2026-09-07 18:03:00,202.3,0.0001,5.6985,0.0000,,,,,,0
99,19,2026-09-07 18:06:24,202.5,0.0001,5.6859,0.0000,,,,,,0
100,20,2026-09-07 18:09:48,202.8,0.0001,5.6860,0.0000,,,,,,0
101,1,2026-09-07 18:13:12,202.3,0.0001,5.7082,0.0000,,,,,,0
102,2,2026-09-07 18:19:25,201.7,0.0001,5.6877,0.0000,,0.0001,0.0000,,0.0000,0
103,3,2026-09-07 18:22:48,201.3,0.0001,5.6729,0.0000,,,,,,0
104,4,2026-09-07 18:26:11,202.7,0.0001,5.6905,0.0000,,,,,,0
105,5,2026-09-07 18:31:22,310.0,0.0001,5.6391,0.0000,5.7016,,,,,0
106,6,2026-09-07 18:35:02,218.6,0.0001,5.6469,0.0000,,,,,,0
107,7,2026-09-07 18:38:30,206.7,0.0001,5.6800,0.0000,,,,,,0
108,8,2026-09-07 18:44:50,207.1,0.0001,5.6892,0.0000,,0.0000,0.0000,,0.0000,0
109,9,2026-09-07 18:48:13,202.4,0.0001,5.6683,0.0000,,,,,,0
110,10,2026-09-07 18:51:38,204.0,0.0001,5.6626,0.0000,,,,,,0
111,11,2026-09-07 18:55:05,205.6,0.0001,5.6712,0.0000,,,,,,0
112,12,2026-09-07 18:58:30,204.0,0.0001,5.7284,0.0000,,,,,,0
113,13,2026-09-07 19:01:56,205.1,0.0001,5.7439,0.0000,,,,,,0
114,14,2026-09-07 19:08:24,204.3,0.0001,5.7885,0.0000,,0.0002,0.0000,,0.0000,0
115,15,2026-09-07 19:11:50,205.0,0.0001,5.7980,0.0000,,,,,,0
116,16,2026-09-07 19:15:16,205.1,0.0001,5.7711,0.0000,,,,,,0
117,17,2026-09-07 19:18:40,202.6,0.0001,5.7008,0.0000,,,,,,0
118,18,2026-09-07 19:22:05,203.7,0.0001,5.6714,0.0000,,,,,,0
120,20,2026-09-08 00:58:41,321.8,0.0001,5.7133,0.0000,5.6579,,,,0.0000,0
121,1,2026-09-08 01:02:06,204.1,0.0001,5.6649,0.0000,,,,,,0
122,2,2026-09-08 01:05:29,201.8,0.0001,5.5795,0.0000,,,,,,0
123,3,2026-09-08 01:08:52,202.3,0.0001,5.5152,0.0000,,,,,,0
124,4,2026-09-08 01:12:17,202.9,0.0001,5.5455,0.0000,,,,,,0
125,5,2026-09-08 01:15:40,202.3,0.0001,5.6416,0.0000,,,,,,0
126,6,2026-09-08 01:22:12,203.9,0.0001,5.6012,0.0000,,0.0351,0.0002,,0.0000,0
127,7,2026-09-08 01:25:37,203.7,0.0001,5.5742,0.0000,,,,,,0
128,8,2026-09-08 01:29:03,204.8,0.0001,5.5844,0.0000,,,,,,0
129,9,2026-09-08 01:32:30,204.7,0.0001,5.5578,0.0000,,,,,,0
130,10,2026-09-08 01:35:54,203.7,0.0001,5.5942,0.0000,,,,,,0
131,11,2026-09-08 01:39:23,206.8,0.0001,5.5692,0.0000,,,,,,0
132,12,2026-09-08 01:47:26,209.4,0.0001,5.5982,0.0000,,0.0374,0.0003,,0.0050,0
133,13,2026-09-08 01:50:53,204.7,0.0001,5.5491,0.0000,,,,,,0
134,14,2026-09-08 01:54:20,205.0,0.0001,5.6062,0.0000,,,,,,0
135,15,2026-09-08 01:59:31,310.3,0.0001,5.6313,0.0000,5.6373,,,,,0
136,16,2026-09-08 02:02:57,204.8,0.0001,5.6885,0.0000,,,,,,0
137,17,2026-09-08 02:06:21,203.1,0.0001,5.6567,0.0000,,,,,,0
138,18,2026-09-08 02:15:17,204.0,0.0001,5.6730,0.0000,,0.0410,0.0001,,0.0143,0
139,19,2026-09-08 02:18:42,203.9,0.0001,5.7088,0.0000,,,,,,0
140,20,2026-09-08 02:22:06,203.0,0.0001,5.7485,0.0000,,,,,,0
141,1,2026-09-08 02:25:32,203.8,0.0001,5.7547,0.0000,,,,,,0
142,2,2026-09-08 02:28:57,204.1,0.0001,5.7588,0.0000,,,,,,0
143,3,2026-09-08 02:32:22,204.5,0.0001,5.7353,0.0000,,,,,,0
144,4,2026-09-08 02:41:33,205.4,0.0001,5.7266,0.0000,,0.0387,0.0001,,0.0000,0
145,5,2026-09-08 02:44:58,203.5,0.0001,5.7482,0.0000,,,,,,0
146,6,2026-09-08 02:48:22,202.7,0.0001,5.7465,0.0000,,,,,,0
147,7,2026-09-08 02:51:46,203.4,0.0001,5.6964,0.0000,,,,,,0
148,8,2026-09-08 02:55:11,204.2,0.0001,5.7054,0.0000,,,,,,0
149,9,2026-09-08 02:58:36,203.1,0.0001,5.7510,0.0000,,,,,,0
150,10,2026-09-08 03:09:03,309.6,0.0001,5.7226,0.0000,5.5512,0.0462,0.0002,,0.0435,0
151,11,2026-09-08 03:12:29,204.9,0.0001,5.6957,0.0000,,,,,,0
152,12,2026-09-08 03:15:54,204.0,0.0001,5.6314,0.0000,,,,,,0
153,13,2026-09-08 03:19:19,204.6,0.0001,5.8243,0.0000,,,,,,0
154,14,2026-09-08 03:22:44,203.7,0.0001,5.8679,0.0000,,,,,,0
155,15,2026-09-08 03:26:10,204.5,0.0001,5.8681,0.0000,,,,,,0
156,16,2026-09-08 03:31:43,206.4,0.0001,5.8044,0.0000,,0.0001,0.0000,,0.0000,0
157,17,2026-09-08 03:35:39,235.0,0.0001,5.7733,0.0000,,,,,,0
158,18,2026-09-08 03:39:04,204.1,0.0001,5.7214,0.0000,,,,,,0
159,19,2026-09-08 03:42:29,204.3,0.0001,5.6279,0.0000,,,,,,0
160,20,2026-09-08 03:45:54,203.0,0.0001,5.6084,0.0000,,,,,,0
161,1,2026-09-08 03:49:18,202.9,0.0001,5.6047,0.0000,,,,,,0
162,2,2026-09-08 03:55:39,203.9,0.0001,5.6034,0.0000,,0.0046,0.0001,,0.0000,0
163,3,2026-09-08 03:59:03,203.7,0.0001,5.5939,0.0000,,,,,,0
164,4,2026-09-08 04:02:29,203.6,0.0001,5.7076,0.0000,,,,,,0
165,5,2026-09-08 04:07:39,308.8,5e-05,5.7427,0.0000,5.6818,,,,,0
166,6,2026-09-08 04:11:03,203.9,0.0001,5.6700,0.0000,,,,,,0
167,7,2026-09-08 04:14:30,205.1,0.0001,5.6028,0.0000,,,,,,0
168,8,2026-09-08 04:20:15,203.6,0.0001,5.6039,0.0000,,0.0001,0.0000,,0.0000,0
169,9,2026-09-08 04:23:39,202.9,0.0001,5.6844,0.0000,,,,,,0
170,10,2026-09-08 04:27:02,202.4,0.0001,5.6972,0.0000,,,,,,0
171,11,2026-09-08 04:30:26,202.7,0.0001,5.6972,0.0000,,,,,,0
172,12,2026-09-08 04:33:49,201.9,0.0001,5.7564,0.0000,,,,,,0
173,13,2026-09-08 04:37:13,203.1,0.0001,5.7259,0.0000,,,,,,0
174,14,2026-09-08 04:42:59,204.0,0.0001,5.7420,0.0000,,0.0000,0.0000,,0.0000,0
175,15,2026-09-08 04:46:24,203.4,0.0001,5.7632,0.0000,,,,,,0
176,16,2026-09-08 04:49:47,202.6,0.0001,5.7525,0.0000,,,,,,0
177,17,2026-09-08 04:53:10,201.2,0.0001,5.7527,0.0000,,,,,,0
178,18,2026-09-08 04:56:32,201.8,0.0001,5.7396,0.0000,,,,,,0
179,19,2026-09-08 04:59:55,201.0,0.0001,5.7584,0.0000,,,,,,0
180,20,2026-09-08 05:06:41,307.7,0.0001,5.7775,0.0000,5.6709,,,,0.0000,0
181,1,2026-09-08 05:10:06,203.3,0.0001,5.7656,0.0000,,,,,,0
182,2,2026-09-08 05:13:30,203.0,0.0001,5.7452,0.0000,,,,,,0
183,3,2026-09-08 05:16:53,201.9,0.0001,5.7812,0.0000,,,,,,0
184,4,2026-09-08 05:20:17,202.5,0.0001,5.8137,0.0000,,,,,,0
185,5,2026-09-08 05:23:41,202.7,0.0001,5.8403,0.0000,,,,,,0
186,6,2026-09-08 05:29:33,204.1,0.0001,5.8247,0.0000,,0.0000,0.0000,,0.0000,0
187,7,2026-09-08 05:32:58,204.5,0.0001,5.8390,0.0000,,,,,,0
188,8,2026-09-08 05:36:24,204.2,0.0001,5.8862,0.0000,,,,,,0
189,9,2026-09-08 05:39:49,204.7,0.0001,5.8608,0.0000,,,,,,0
190,10,2026-09-08 05:43:13,203.0,0.0001,6.1045,0.0000,,,,,,0
191,11,2026-09-08 05:46:38,203.5,0.0001,6.1653,0.0000,,,,,,0
192,12,2026-09-08 05:53:08,203.3,0.0001,5.9971,0.0000,,0.0081,0.0001,,0.0000,0
193,13,2026-09-08 05:56:31,201.7,0.0001,5.9842,0.0000,,,,,,0
194,14,2026-09-08 05:59:56,202.8,0.0001,5.9484,0.0000,,,,,,0
195,15,2026-09-08 06:05:05,308.0,0.0001,5.9841,0.0000,6.0170,,,,,0
196,16,2026-09-08 06:08:29,203.7,0.0001,6.0419,0.0000,,,,,,0
197,17,2026-09-08 06:11:53,202.7,0.0001,5.9770,0.0000,,,,,,0
198,18,2026-09-08 06:17:33,203.1,0.0001,5.9929,0.0000,,0.0000,0.0000,,0.0000,0
199,19,2026-09-08 06:20:58,203.4,0.0001,6.0900,0.0000,,,,,,0
200,20,2026-09-08 06:24:21,203.0,0.0001,6.1311,0.0000,,,,,,0
201,1,2026-09-08 06:27:47,203.9,0.0001,6.0635,0.0000,,,,,,0
202,2,2026-09-08 06:31:12,204.0,0.0001,5.9796,0.0000,,,,,,0
203,3,2026-09-08 06:34:38,205.0,0.0001,5.9071,0.0000,,,,,,0
204,4,2026-09-08 06:42:55,204.0,0.0001,5.9291,0.0000,,0.0367,0.0001,,0.0000,0
205,5,2026-09-08 06:46:20,203.9,0.0001,5.8821,0.0000,,,,,,0
206,6,2026-09-08 06:49:45,204.5,0.0001,5.9297,0.0000,,,,,,0
207,7,2026-09-08 06:53:12,205.1,0.0001,5.9039,0.0000,,,,,,0
208,8,2026-09-08 06:56:36,203.6,0.0001,5.8665,0.0000,,,,,,0
209,9,2026-09-08 07:00:02,204.8,0.0001,5.8920,0.0000,,,,,,0
210,10,2026-09-08 07:07:05,310.7,0.0001,5.9262,0.0000,5.9370,0.0000,0.0000,,0.0000,0
211,11,2026-09-08 07:10:30,204.1,0.0001,5.8979,0.0000,,,,,,0
212,12,2026-09-08 07:13:55,204.1,0.0001,5.9902,0.0000,,,,,,0
213,13,2026-09-08 07:17:21,204.7,0.0001,6.0019,0.0000,,,,,,0
214,14,2026-09-08 07:20:46,203.9,0.0001,6.0009,0.0000,,,,,,0
215,15,2026-09-08 07:24:11,204.4,0.0001,6.0027,0.0000,,,,,,0
216,16,2026-09-08 07:29:06,204.6,0.0001,5.9754,0.0000,,0.0000,0.0000,,0.0000,0
217,17,2026-09-08 07:32:57,230.0,0.0001,5.6457,0.0000,,,,,,0
218,18,2026-09-08 07:36:27,208.3,0.0001,5.5995,0.0000,,,,,,0
219,19,2026-09-08 07:39:52,203.6,0.0001,5.7358,0.0000,,,,,,0
220,20,2026-09-08 07:43:17,204.8,0.0001,5.6921,0.0000,,,,,,0
221,1,2026-09-08 07:46:45,205.7,0.0001,5.7059,0.0000,,,,,,0
222,2,2026-09-08 07:54:59,203.5,0.0001,5.7007,0.0000,,0.0388,0.0001,,0.0000,0
223,3,2026-09-08 07:58:25,204.6,0.0001,5.7601,0.0000,,,,,,0
224,4,2026-09-08 08:01:50,204.6,0.0001,5.7331,0.0000,,,,,,0
225,5,2026-09-08 08:07:01,309.6,0.0001,5.7682,0.0000,5.7956,,,,,0
226,6,2026-09-08 08:10:26,203.9,0.0001,5.8088,0.0000,,,,,,0
227,7,2026-09-08 08:13:50,203.4,0.0001,5.8006,0.0000,,,,,,0
228,8,2026-09-08 08:20:22,204.0,0.0001,5.8333,0.0000,,0.0128,0.0002,,0.0000,0
229,9,2026-09-08 08:23:48,204.6,0.0001,5.8108,0.0000,,,,,,0
230,10,2026-09-08 08:27:14,204.7,0.0001,5.8679,0.0000,,,,,,0
231,11,2026-09-08 08:30:06,170.7,0.0001,5.8361,0.0000,,,,,,0
232,12,2026-09-08 08:32:58,171.7,0.0001,5.8712,0.0000,,,,,,0
233,13,2026-09-08 08:35:48,169.0,0.0001,5.6504,0.0000,,,,,,0
234,14,2026-09-08 08:40:03,169.5,0.0001,5.9001,0.0000,,0.0000,0.0000,,0.0000,0
235,15,2026-09-08 08:42:52,168.2,0.0001,5.7942,0.0000,,,,,,0
236,16,2026-09-08 08:45:46,172.9,0.0001,5.8815,0.0000,,,,,,0
237,17,2026-09-08 08:48:38,170.8,0.0001,0.0000,0.0000,,,,,,0
238,18,2026-09-08 08:51:30,170.8,0.0001,5.9408,0.0000,,,,,,0
239,19,2026-09-08 08:54:22,170.5,0.0001,5.9187,0.0000,,,,,,0
240,20,2026-09-08 09:01:18,275.2,0.0001,5.7494,0.0000,5.8546,0.0017,0.0000,,0.0000,0
241,1,2026-09-08 09:04:10,170.8,0.0001,5.5117,0.0000,,,,,,0
242,2,2026-09-08 09:07:02,169.6,0.0001,0.0000,0.0000,,,,,,0
243,3,2026-09-08 09:09:53,170.4,0.0001,0.0000,0.0000,,,,,,0
244,4,2026-09-08 09:12:44,169.5,0.0001,0.0000,0.0000,,,,,,0
245,5,2026-09-08 09:15:34,169.4,0.0001,0.0000,0.0000,,,,,,0
246,6,2026-09-08 09:20:47,169.7,0.0001,0.0000,0.0000,,0.0022,0.0000,,0.0000,0
247,7,2026-09-08 09:23:38,170.5,0.0001,0.0000,0.0000,,,,,,0
248,8,2026-09-08 09:26:30,170.4,0.0001,0.0000,0.0000,,,,,,0
249,9,2026-09-08 09:29:21,169.8,0.0001,0.0000,0.0000,,,,,,0
250,10,2026-09-08 09:32:16,174.1,0.0001,0.0000,0.0000,,,,,,0
251,11,2026-09-08 09:35:08,171.2,0.0001,0.0000,0.0000,,,,,,0
252,12,2026-09-08 09:40:07,170.8,0.0001,0.0000,0.0000,,0.0001,0.0000,,0.0000,0
254,14,2026-09-15 13:41:54,177.3,0.0001,0.0000,0.0000,,,,,,0
255,15,2026-09-15 13:46:50,294.5,0.0001,0.0000,0.0000,5.8540,,,,,0
256,16,2026-09-15 13:49:53,181.8,0.0001,0.0000,0.0000,,,,,,0
257,17,2026-09-15 13:53:04,188.8,0.0001,0.0000,0.0000,,,,,,0
258,18,2026-09-15 13:58:25,179.0,0.0001,0.0000,0.0000,,0.0000,0.0000,,0.0000,0
259,19,2026-09-15 14:01:20,173.7,0.0001,0.0000,0.0000,,,,,,0
260,20,2026-09-15 14:04:10,168.4,0.0001,0.0000,0.0000,,,,,,0
261,1,2026-09-15 14:06:59,168.4,0.0001,0.0000,0.0000,,,,,,0
262,2,2026-09-15 14:09:52,172.0,0.0001,0.0000,0.0000,,,,,,0
263,3,2026-09-15 14:12:41,168.6,0.0001,0.0000,0.0000,,,,,,0
264,4,2026-09-15 14:17:43,169.8,0.0001,0.0000,0.0000,,0.0000,0.0000,,0.0000,0
265,5,2026-09-15 14:20:36,171.0,0.0001,0.0000,0.0000,,,,,,0
266,6,2026-09-15 14:23:27,170.3,0.0001,0.0000,0.0000,,,,,,0
267,7,2026-09-15 14:26:18,170.7,0.0001,0.0000,0.0000,,,,,,0
268,8,2026-09-15 14:29:10,170.7,0.0001,0.0000,0.0000,,,,,,0
269,9,2026-09-15 14:32:01,170.2,0.0001,0.0000,0.0000,,,,,,0
270,10,2026-09-15 14:38:48,276.8,5e-05,0.0000,0.0000,5.8542,0.0004,0.0000,,0.0000,0
271,11,2026-09-15 14:41:39,169.2,0.0001,0.0000,0.0000,,,,,,0
272,12,2026-09-15 14:44:28,167.3,0.0001,0.0000,0.0000,,,,,,0
273,13,2026-09-15 14:47:17,167.6,0.0001,0.0000,0.0000,,,,,,0
274,14,2026-09-15 14:50:07,169.2,0.0001,0.0000,0.0000,,,,,,0
275,15,2026-09-15 14:53:04,176.4,0.0001,5.5859,0.0000,,,,,,0
276,16,2026-09-15 14:58:10,168.3,0.0001,0.0000,0.0000,,0.0000,0.0000,,0.0000,0
277,17,2026-09-15 15:01:01,169.5,0.0001,0.0000,0.0000,,,,,,0
278,18,2026-09-15 15:03:50,167.6,0.0001,0.0000,0.0000,,,,,,0
279,19,2026-09-15 15:06:41,170.5,0.0001,0.0000,0.0000,,,,,,0
280,20,2026-09-15 15:10:09,191.6,0.0001,0.0000,0.0000,,,,,,0
281,1,2026-09-15 15:13:00,168.7,0.0001,0.0000,0.0000,,,,,,0
282,2,2026-09-15 15:18:04,168.9,0.0001,0.0000,0.0000,,0.0002,0.0000,,0.0000,0
283,3,2026-09-15 15:20:55,169.8,0.0001,0.0000,0.0000,,,,,,0
284,4,2026-09-15 15:23:47,169.4,0.0001,0.0000,0.0000,,,,,,0
285,5,2026-09-15 15:28:20,271.9,0.0001,0.0000,0.0000,5.8535,,,,,0
286,6,2026-09-15 15:31:11,169.8,0.0001,0.0000,0.0000,,,,,,0
287,7,2026-09-15 15:34:01,167.9,0.0001,0.0000,0.0000,,,,,,0
288,8,2026-09-15 15:39:04,171.8,0.0001,0.0000,0.0000,,0.0005,0.0000,,0.0000,0
289,9,2026-09-15 15:42:09,183.0,0.0001,0.0000,0.0000,,,,,,0
290,10,2026-09-15 15:44:59,169.8,0.0001,0.0000,0.0000,,,,,,0
291,11,2026-09-15 15:47:51,170.4,0.0001,0.0000,0.0000,,,,,,0
292,12,2026-09-15 15:50:54,181.3,0.0001,0.0000,0.0000,,,,,,0
293,13,2026-09-15 15:53:44,169.6,0.0001,0.0000,0.0000,,,,,,0
294,14,2026-09-15 15:58:54,171.2,0.0001,0.0000,0.0000,,0.0000,0.0000,,0.0000,0
295,15,2026-09-15 16:01:45,170.1,0.0001,0.0000,0.0000,,,,,,0
296,16,2026-09-15 16:04:39,172.2,0.0001,0.0000,0.0000,,,,,,0
297,17,2026-09-15 16:07:30,170.2,0.0001,0.0000,0.0000,,,,,,0
298,18,2026-09-15 16:10:21,170.1,0.0001,5.8883,0.0000,,,,,,0
299,19,2026-09-15 16:13:15,172.4,0.0001,0.0000,0.0000,,,,,,0
300,20,2026-09-15 16:20:00,273.2,0.0001,0.0000,0.0000,5.8529,0.0000,0.0000,,0.0000,0
301,1,2026-09-15 16:22:52,170.6,0.0001,0.0000,0.0000,,,,,,0
302,2,2026-09-15 16:25:44,171.1,0.0001,0.0000,0.0000,,,,,,0
303,3,2026-09-15 16:28:36,170.6,0.0001,0.0000,0.0000,,,,,,0
304,4,2026-09-15 16:31:28,170.0,0.0001,0.0000,0.0000,,,,,,0
305,5,2026-09-15 16:34:19,170.1,0.0001,0.0000,0.0000,,,,,,0
